{
	"family_history": 0.3567254,
	"C(age_at_menarche, levels=['<=11', '11-11.5', '11.5-12', '12-13', '13-14', '14-15', '>=15'])[T.11-11.5]" : 0.04443138,
	"C(age_at_menarche, levels=['<=11', '11-11.5', '11.5-12', '12-13', '13-14', '14-15', '>=15'])[T.11.5-12]" : -0.03540675,
	"C(age_at_menarche, levels=['<=11', '11-11.5', '11.5-12', '12-13', '13-14', '14-15', '>=15'])[T.12-13]" : -0.08656453,
	"C(age_at_menarche, levels=['<=11', '11-11.5', '11.5-12', '12-13', '13-14', '14-15', '>=15'])[T.13-14]" : -0.1099019,
	"C(age_at_menarche, levels=['<=11', '11-11.5', '11.5-12', '12-13', '13-14', '14-15', '>=15'])[T.14-15]" : -0.08548171,
	"C(age_at_menarche, levels=['<=11', '11-11.5', '11.5-12', '12-13', '13-14', '14-15', '>=15'])[T.>=15]" : -0.1422289,
	"C(parity, levels=['0', '1', '2', '3', '>=4'])[T.1]" : -0.169817,
	"C(parity, levels=['0', '1', '2', '3', '>=4'])[T.2]" : -0.2658004,
	"C(parity, levels=['0', '1', '2', '3', '>=4'])[T.3]" : -0.2961849,
	"C(parity, levels=['0', '1', '2', '3', '>=4'])[T.>=4]" : -0.3399182,
	"C(age_at_first_child_birth, levels=['<=19', '19-22', '22-23', '23-25', '25-27', '27-30', '30-34', '34-38', '>=38'])[T.19-22]" : 0.06211982,
	"C(age_at_first_child_birth, levels=['<=19', '19-22', '22-23', '23-25', '25-27', '27-30', '30-34', '34-38', '>=38'])[T.22-23]" : 0.02962893,
	"C(age_at_first_child_birth, levels=['<=19', '19-22', '22-23', '23-25', '25-27', '27-30', '30-34', '34-38', '>=38'])[T.23-25]" : 0.01511436,
	"C(age_at_first_child_birth, levels=['<=19', '19-22', '22-23', '23-25', '25-27', '27-30', '30-34', '34-38', '>=38'])[T.25-27]" : 0.1872152,
	"C(age_at_first_child_birth, levels=['<=19', '19-22', '22-23', '23-25', '25-27', '27-30', '30-34', '34-38', '>=38'])[T.27-30]" : 0.332387,
	"C(age_at_first_child_birth, levels=['<=19', '19-22', '22-23', '23-25', '25-27', '27-30', '30-34', '34-38', '>=38'])[T.30-34]" : 0.3179211,
	"C(age_at_first_child_birth, levels=['<=19', '19-22', '22-23', '23-25', '25-27', '27-30', '30-34', '34-38', '>=38'])[T.34-38]" : 0.3976281,
	"C(age_at_first_child_birth, levels=['<=19', '19-22', '22-23', '23-25', '25-27', '27-30', '30-34', '34-38', '>=38'])[T.>=38]" : 0.2494517,
	"C(age_at_menopause, levels=['<=40', '40-45', '45-47', '47-48', '48-50', '50-51', '51-52', '52-53', '53-55', '>=55'])[T.40-45]" : -0.02048036,
	"C(age_at_menopause, levels=['<=40', '40-45', '45-47', '47-48', '48-50', '50-51', '51-52', '52-53', '53-55', '>=55'])[T.45-47]" : -0.008297439,
	"C(age_at_menopause, levels=['<=40', '40-45', '45-47', '47-48', '48-50', '50-51', '51-52', '52-53', '53-55', '>=55'])[T.47-48]" : 0.0654124,
	"C(age_at_menopause, levels=['<=40', '40-45', '45-47', '47-48', '48-50', '50-51', '51-52', '52-53', '53-55', '>=55'])[T.48-50]" : 0.1343849,
	"C(age_at_menopause, levels=['<=40', '40-45', '45-47', '47-48', '48-50', '50-51', '51-52', '52-53', '53-55', '>=55'])[T.50-51]" : 0.1354192,
	"C(age_at_menopause, levels=['<=40', '40-45', '45-47', '47-48', '48-50', '50-51', '51-52', '52-53', '53-55', '>=55'])[T.51-52]" : 0.2096447,
	"C(age_at_menopause, levels=['<=40', '40-45', '45-47', '47-48', '48-50', '50-51', '51-52', '52-53', '53-55', '>=55'])[T.52-53]" : 0.2520041,
	"C(age_at_menopause, levels=['<=40', '40-45', '45-47', '47-48', '48-50', '50-51', '51-52', '52-53', '53-55', '>=55'])[T.53-55]" : 0.2547973,
	"C(age_at_menopause, levels=['<=40', '40-45', '45-47', '47-48', '48-50', '50-51', '51-52', '52-53', '53-55', '>=55'])[T.>=55]" : 0.1161407,
	"C(height, levels=['<=1.55', '1.55-1.57', '1.57-1.60', '1.60-1.61', '1.61-1.63', '1.63-1.65', '1.65-1.66', '1.66-1.68', '1.68-1.71', '>=1.71'])[T.1.55-1.57]" : 0.1035255,
	"C(height, levels=['<=1.55', '1.55-1.57', '1.57-1.60', '1.60-1.61', '1.61-1.63', '1.63-1.65', '1.65-1.66', '1.66-1.68', '1.68-1.71', '>=1.71'])[T.1.57-1.60]" : 0.1217856,
	"C(height, levels=['<=1.55', '1.55-1.57', '1.57-1.60', '1.60-1.61', '1.61-1.63', '1.63-1.65', '1.65-1.66', '1.66-1.68', '1.68-1.71', '>=1.71'])[T.1.60-1.61]" : 0.1374585,
	"C(height, levels=['<=1.55', '1.55-1.57', '1.57-1.60', '1.60-1.61', '1.61-1.63', '1.63-1.65', '1.65-1.66', '1.66-1.68', '1.68-1.71', '>=1.71'])[T.1.61-1.63]" : 0.07532523,
	"C(height, levels=['<=1.55', '1.55-1.57', '1.57-1.60', '1.60-1.61', '1.61-1.63', '1.63-1.65', '1.65-1.66', '1.66-1.68', '1.68-1.71', '>=1.71'])[T.1.63-1.65]" : 0.186388,
	"C(height, levels=['<=1.55', '1.55-1.57', '1.57-1.60', '1.60-1.61', '1.61-1.63', '1.63-1.65', '1.65-1.66', '1.66-1.68', '1.68-1.71', '>=1.71'])[T.1.65-1.66]" : 0.1655866,
	"C(height, levels=['<=1.55', '1.55-1.57', '1.57-1.60', '1.60-1.61', '1.61-1.63', '1.63-1.65', '1.65-1.66', '1.66-1.68', '1.68-1.71', '>=1.71'])[T.1.66-1.68]" : 0.2460295,
	"C(height, levels=['<=1.55', '1.55-1.57', '1.57-1.60', '1.60-1.61', '1.61-1.63', '1.63-1.65', '1.65-1.66', '1.66-1.68', '1.68-1.71', '>=1.71'])[T.1.68-1.71]" : 0.1767139,
	"C(height, levels=['<=1.55', '1.55-1.57', '1.57-1.60', '1.60-1.61', '1.61-1.63', '1.63-1.65', '1.65-1.66', '1.66-1.68', '1.68-1.71', '>=1.71'])[T.>=1.71]" : 0.250125,
	"C(bmi, levels=['<=21.5', '21.5-23', '23-24.2', '24.2-25.3', '25.3-26.5', '26.5-27.8', '27.8-29.3', '29.3-31.4', '31.4-34.6', '>=34.6'])[T.21.5-23]" : 0.03569034,
	"C(bmi, levels=['<=21.5', '21.5-23', '23-24.2', '24.2-25.3', '25.3-26.5', '26.5-27.8', '27.8-29.3', '29.3-31.4', '31.4-34.6', '>=34.6'])[T.23-24.2]" : -0.1140154,
	"C(bmi, levels=['<=21.5', '21.5-23', '23-24.2', '24.2-25.3', '25.3-26.5', '26.5-27.8', '27.8-29.3', '29.3-31.4', '31.4-34.6', '>=34.6'])[T.24.2-25.3]" : -0.05149688,
	"C(bmi, levels=['<=21.5', '21.5-23', '23-24.2', '24.2-25.3', '25.3-26.5', '26.5-27.8', '27.8-29.3', '29.3-31.4', '31.4-34.6', '>=34.6'])[T.25.3-26.5]" : -0.1602366,
	"C(bmi, levels=['<=21.5', '21.5-23', '23-24.2', '24.2-25.3', '25.3-26.5', '26.5-27.8', '27.8-29.3', '29.3-31.4', '31.4-34.6', '>=34.6'])[T.26.5-27.8]" : 0.06103579,
	"C(bmi, levels=['<=21.5', '21.5-23', '23-24.2', '24.2-25.3', '25.3-26.5', '26.5-27.8', '27.8-29.3', '29.3-31.4', '31.4-34.6', '>=34.6'])[T.27.8-29.3]" : 0.02561926,
	"C(bmi, levels=['<=21.5', '21.5-23', '23-24.2', '24.2-25.3', '25.3-26.5', '26.5-27.8', '27.8-29.3', '29.3-31.4', '31.4-34.6', '>=34.6'])[T.29.3-31.4]" : -0.08434756,
	"C(bmi, levels=['<=21.5', '21.5-23', '23-24.2', '24.2-25.3', '25.3-26.5', '26.5-27.8', '27.8-29.3', '29.3-31.4', '31.4-34.6', '>=34.6'])[T.31.4-34.6]" : -0.06577437,
	"C(bmi, levels=['<=21.5', '21.5-23', '23-24.2', '24.2-25.3', '25.3-26.5', '26.5-27.8', '27.8-29.3', '29.3-31.4', '31.4-34.6', '>=34.6'])[T.>=34.6]" : 0.0549182,
	"C(menopause_hrt, levels=[0, 1, 2])[T.1]" : -0.5494604,
	"C(menopause_hrt, levels=[0, 1, 2])[T.2]" : -0.4413138,
	"menopause_hrt_e" : 0.01604153,
	"menopause_hrt_c" : 0.2550334,
	"current_hrt" : 0.1988708,
	"C(alcohol_consumption, levels=['none', '0-0.4', '0.4-0.8', '0.8-1.5', '1.5-3.2', '3.2-5.7', '5.7-9.8', '>9.8'])[T.0-0.4]" : -0.06332769,
	"C(alcohol_consumption, levels=['none', '0-0.4', '0.4-0.8', '0.8-1.5', '1.5-3.2', '3.2-5.7', '5.7-9.8', '>9.8'])[T.0.4-0.8]" : 0.008451324,
	"C(alcohol_consumption, levels=['none', '0-0.4', '0.4-0.8', '0.8-1.5', '1.5-3.2', '3.2-5.7', '5.7-9.8', '>9.8'])[T.0.8-1.5]" : 0.04341324,
	"C(alcohol_consumption, levels=['none', '0-0.4', '0.4-0.8', '0.8-1.5', '1.5-3.2', '3.2-5.7', '5.7-9.8', '>9.8'])[T.1.5-3.2]" : -0.01089113,
	"C(alcohol_consumption, levels=['none', '0-0.4', '0.4-0.8', '0.8-1.5', '1.5-3.2', '3.2-5.7', '5.7-9.8', '>9.8'])[T.3.2-5.7]" : 0.04737259,
	"C(alcohol_consumption, levels=['none', '0-0.4', '0.4-0.8', '0.8-1.5', '1.5-3.2', '3.2-5.7', '5.7-9.8', '>9.8'])[T.5.7-9.8]" : 0.1408101,
	"C(alcohol_consumption, levels=['none', '0-0.4', '0.4-0.8', '0.8-1.5', '1.5-3.2', '3.2-5.7', '5.7-9.8', '>9.8'])[T.>9.8]" : 0.2014862,