{
	"family_history" : 0.3527466,
	"C(age_at_menarche, levels=['<=11', '11-11.5', '11.5-12', '12-13', '13-14', '14-15', '>=15'])[T.11-11.5]" : 0.05821235,
	"C(age_at_menarche, levels=['<=11', '11-11.5', '11.5-12', '12-13', '13-14', '14-15', '>=15'])[T.11.5-12]" : -0.03109934,
	"C(age_at_menarche, levels=['<=11', '11-11.5', '11.5-12', '12-13', '13-14', '14-15', '>=15'])[T.12-13]" : -0.08928014,
	"C(age_at_menarche, levels=['<=11', '11-11.5', '11.5-12', '12-13', '13-14', '14-15', '>=15'])[T.13-14]" : -0.1023466,
	"C(age_at_menarche, levels=['<=11', '11-11.5', '11.5-12', '12-13', '13-14', '14-15', '>=15'])[T.14-15]" : -0.0769347,
	"C(age_at_menarche, levels=['<=11', '11-11.5', '11.5-12', '12-13', '13-14', '14-15', '>=15'])[T.>=15]" : -0.1295925,
	"C(parity, levels=['nulliparous', '1', '2', '3', '>=4'])[T.1]" : -0.169339,
	"C(parity, levels=['nulliparous', '1', '2', '3', '>=4'])[T.2]" : -0.2602809,
	"C(parity, levels=['nulliparous', '1', '2', '3', '>=4'])[T.3]" : -0.2924094,
	"C(parity, levels=['nulliparous', '1', '2', '3', '>=4'])[T.>=4]" : -0.3386063,
	"C(age_at_first_child_birth, levels['<=19', '19-22', '22-23', '23-25', '25-27', '27-30', '30-34', '34-38', '>=38'])[T.19-22]" : 0.03913655,
	"C(age_at_first_child_birth, levels['<=19', '19-22', '22-23', '23-25', '25-27', '27-30', '30-34', '34-38', '>=38'])[T.22-23]" : 0.02534171,
	"C(age_at_first_child_birth, levels['<=19', '19-22', '22-23', '23-25', '25-27', '27-30', '30-34', '34-38', '>=38'])[T.23-25]" : 0.01080901,
	"C(age_at_first_child_birth, levels['<=19', '19-22', '22-23', '23-25', '25-27', '27-30', '30-34', '34-38', '>=38'])[T.25-27]" : 0.193108,
	"C(age_at_first_child_birth, levels['<=19', '19-22', '22-23', '23-25', '25-27', '27-30', '30-34', '34-38', '>=38'])[T.27-30]" : 0.3483959,
	"C(age_at_first_child_birth, levels['<=19', '19-22', '22-23', '23-25', '25-27', '27-30', '30-34', '34-38', '>=38'])[T.30-34]" : 0.3259379,
	"C(age_at_first_child_birth, levels['<=19', '19-22', '22-23', '23-25', '25-27', '27-30', '30-34', '34-38', '>=38'])[T.34-38]" : 0.403187,
	"C(age_at_first_child_birth, levels['<=19', '19-22', '22-23', '23-25', '25-27', '27-30', '30-34', '34-38', '>=38'])[T.>=38]" : 0.2337738,
	"C(age_at_menopause, levels=['<=40', '40-45', '45-47', '47-48', '48-50', '50-51', '51-52', '52-53', '53-55', '>=55'])[T.40-45]" : -0.01444041,
	"C(age_at_menopause, levels=['<=40', '40-45', '45-47', '47-48', '48-50', '50-51', '51-52', '52-53', '53-55', '>=55'])[T.45-47]" : -0.007952014,
	"C(age_at_menopause, levels=['<=40', '40-45', '45-47', '47-48', '48-50', '50-51', '51-52', '52-53', '53-55', '>=55'])[T.47-48]" : 0.06582566,
	"C(age_at_menopause, levels=['<=40', '40-45', '45-47', '47-48', '48-50', '50-51', '51-52', '52-53', '53-55', '>=55'])[T.48-50]" : 0.1471611,
	"C(age_at_menopause, levels=['<=40', '40-45', '45-47', '47-48', '48-50', '50-51', '51-52', '52-53', '53-55', '>=55'])[T.50-51]" : 0.1444006,
	"C(age_at_menopause, levels=['<=40', '40-45', '45-47', '47-48', '48-50', '50-51', '51-52', '52-53', '53-55', '>=55'])[T.51-52]" : 0.2217222,
	"C(age_at_menopause, levels=['<=40', '40-45', '45-47', '47-48', '48-50', '50-51', '51-52', '52-53', '53-55', '>=55'])[T.52-53]" : 0.2551072,
	"C(age_at_menopause, levels=['<=40', '40-45', '45-47', '47-48', '48-50', '50-51', '51-52', '52-53', '53-55', '>=55'])[T.53-55]" : 0.2447543,
	"C(age_at_menopause, levels=['<=40', '40-45', '45-47', '47-48', '48-50', '50-51', '51-52', '52-53', '53-55', '>=55'])[T.>=55]" : 0.1255348,
	"C(height, levels=['<=1.55', '1.55-1.57', '1.57-1.60', '1.60-1.61', '1.61-1.63', '1.63-1.65', '1.65-1.66', '1.66-1.68', '1.68-1.71', '>=1.71'])[T.1.55-1.57]" : 0.08996368,
	"C(height, levels=['<=1.55', '1.55-1.57', '1.57-1.60', '1.60-1.61', '1.61-1.63', '1.63-1.65', '1.65-1.66', '1.66-1.68', '1.68-1.71', '>=1.71'])[T.1.57-1.60]" : 0.1175171,
	"C(height, levels=['<=1.55', '1.55-1.57', '1.57-1.60', '1.60-1.61', '1.61-1.63', '1.63-1.65', '1.65-1.66', '1.66-1.68', '1.68-1.71', '>=1.71'])[T.1.60-1.61]" : 0.1343981,
	"C(height, levels=['<=1.55', '1.55-1.57', '1.57-1.60', '1.60-1.61', '1.61-1.63', '1.63-1.65', '1.65-1.66', '1.66-1.68', '1.68-1.71', '>=1.71'])[T.1.61-1.63]" : 0.07390263,
	"C(height, levels=['<=1.55', '1.55-1.57', '1.57-1.60', '1.60-1.61', '1.61-1.63', '1.63-1.65', '1.65-1.66', '1.66-1.68', '1.68-1.71', '>=1.71'])[T.1.63-1.65]" : 0.1871303,
	"C(height, levels=['<=1.55', '1.55-1.57', '1.57-1.60', '1.60-1.61', '1.61-1.63', '1.63-1.65', '1.65-1.66', '1.66-1.68', '1.68-1.71', '>=1.71'])[T.1.65-1.66]" : 0.1631474,
	"C(height, levels=['<=1.55', '1.55-1.57', '1.57-1.60', '1.60-1.61', '1.61-1.63', '1.63-1.65', '1.65-1.66', '1.66-1.68', '1.68-1.71', '>=1.71'])[T.1.66-1.68]" : 0.2483986,
	"C(height, levels=['<=1.55', '1.55-1.57', '1.57-1.60', '1.60-1.61', '1.61-1.63', '1.63-1.65', '1.65-1.66', '1.66-1.68', '1.68-1.71', '>=1.71'])[T.1.68-1.71]" : 0.1821841,
	"C(height, levels=['<=1.55', '1.55-1.57', '1.57-1.60', '1.60-1.61', '1.61-1.63', '1.63-1.65', '1.65-1.66', '1.66-1.68', '1.68-1.71', '>=1.71'])[T.>=1.71]" : 0.2477616,
	"C(bmi, levels=['21.5', '21.5-23', '23-24.2', '24.2-25.3', '25.3-26.5', '26.5-27.8', '27.8-29.3', '29.3-31.4', '31.4-34.6', '>=34.6'])[T.21.5-23]" : 0.04253057,
	"C(bmi, levels=['21.5', '21.5-23', '23-24.2', '24.2-25.3', '25.3-26.5', '26.5-27.8', '27.8-29.3', '29.3-31.4', '31.4-34.6', '>=34.6'])[T.23-24.2]" : -0.1126693,
	"C(bmi, levels=['21.5', '21.5-23', '23-24.2', '24.2-25.3', '25.3-26.5', '26.5-27.8', '27.8-29.3', '29.3-31.4', '31.4-34.6', '>=34.6'])[T.24.2-25.3]" : -0.05215283,
	"C(bmi, levels=['21.5', '21.5-23', '23-24.2', '24.2-25.3', '25.3-26.5', '26.5-27.8', '27.8-29.3', '29.3-31.4', '31.4-34.6', '>=34.6'])[T.25.3-26.5]" : -0.1524949,
	"C(bmi, levels=['21.5', '21.5-23', '23-24.2', '24.2-25.3', '25.3-26.5', '26.5-27.8', '27.8-29.3', '29.3-31.4', '31.4-34.6', '>=34.6'])[T.26.5-27.8]" : 0.06082536,
	"C(bmi, levels=['21.5', '21.5-23', '23-24.2', '24.2-25.3', '25.3-26.5', '26.5-27.8', '27.8-29.3', '29.3-31.4', '31.4-34.6', '>=34.6'])[T.27.8-29.3]" : 0.04080209,
	"C(bmi, levels=['21.5', '21.5-23', '23-24.2', '24.2-25.3', '25.3-26.5', '26.5-27.8', '27.8-29.3', '29.3-31.4', '31.4-34.6', '>=34.6'])[T.29.3-31.4]" : -0.09244204,
	"C(bmi, levels=['21.5', '21.5-23', '23-24.2', '24.2-25.3', '25.3-26.5', '26.5-27.8', '27.8-29.3', '29.3-31.4', '31.4-34.6', '>=34.6'])[T.31.4-34.6]" : -0.08503461,
	"C(bmi, levels=['21.5', '21.5-23', '23-24.2', '24.2-25.3', '25.3-26.5', '26.5-27.8', '27.8-29.3', '29.3-31.4', '31.4-34.6', '>=34.6'])[T.>=34.6]" : 0.04779716,
	"C(menopause_hrt, levels=[0, 1, 2])[T.1]" : -0.5472123,
	"C(menopause_hrt, levels=[0, 1, 2])[T.2]" : -0.4341106,
	"menopause_hrt_e" : 0.02175518,
	"menopause_hrt_c" : 0.241738,
	"current_hrt" : 0.2127597,
	"C(alcohol_consumption, levels=['none', '0-0.4', '0.4-0.8', '0.8-1.5', '1.5-3.2', '3.2-5.7', '5.7-9.8', '>9.8'])[T.0-0.4]" : -0.06560358,
	"C(alcohol_consumption, levels=['none', '0-0.4', '0.4-0.8', '0.8-1.5', '1.5-3.2', '3.2-5.7', '5.7-9.8', '>9.8'])[T.0.4-0.8]" : 0.01458538,
	"C(alcohol_consumption, levels=['none', '0-0.4', '0.4-0.8', '0.8-1.5', '1.5-3.2', '3.2-5.7', '5.7-9.8', '>9.8'])[T.0.8-1.5]" : 0.01829801,
	"C(alcohol_consumption, levels=['none', '0-0.4', '0.4-0.8', '0.8-1.5', '1.5-3.2', '3.2-5.7', '5.7-9.8', '>9.8'])[T.1.5-3.2]" : -0.001745652,
	"C(alcohol_consumption, levels=['none', '0-0.4', '0.4-0.8', '0.8-1.5', '1.5-3.2', '3.2-5.7', '5.7-9.8', '>9.8'])[T.3.2-5.7]" : 0.04326568,
	"C(alcohol_consumption, levels=['none', '0-0.4', '0.4-0.8', '0.8-1.5', '1.5-3.2', '3.2-5.7', '5.7-9.8', '>9.8'])[T.5.7-9.8]" : 0.1431419,
	"C(alcohol_consumption, levels=['none', '0-0.4', '0.4-0.8', '0.8-1.5', '1.5-3.2', '3.2-5.7', '5.7-9.8', '>9.8'])[T.>9.8]" : 0.203576,