{
    "C(age_at_menarche, levels=['13', '<=10', '11', '12', '14', '15', '>=16'])[T.<=10]": 0.173953307,
    "C(age_at_menarche, levels=['13', '<=10', '11', '12', '14', '15', '>=16'])[T.11]": 0.086177696,
    "C(age_at_menarche, levels=['13', '<=10', '11', '12', '14', '15', '>=16'])[T.12]": 0.067658648,
    "C(age_at_menarche, levels=['13', '<=10', '11', '12', '14', '15', '>=16'])[T.14]": -0.020202707,
    "C(age_at_menarche, levels=['13', '<=10', '11', '12', '14', '15', '>=16'])[T.15]": -0.083381609,
    "C(age_at_menarche, levels=['13', '<=10', '11', '12', '14', '15', '>=16'])[T.>=16]": -0.198450939,
    "C(parity, levels=['0', '1', '2', '>=3'])[T.1]": -0.139262067,
    "C(parity, levels=['0', '1', '2', '>=3'])[T.2]": -0.210721031,
    "C(parity, levels=['0', '1', '2', '>=3'])[T.>=3]": -0.342490309,
    "C(age_first_birth, levels=['<20', '20-25', '25-30', '>=30'])[T.20-25]": 0.009950331,
    "C(age_first_birth, levels=['<20', '20-25', '25-30', '>=30'])[T.25-30]": 0.104360015,
    "C(age_first_birth, levels=['<20', '20-25', '25-30', '>=30'])[T.>=30]": 0.215111380,
    "oc_ever": 0.113328685,
    "oc_current": 0.171850257,
    "C(alcohol_intake, levels=['0', '>0-5', '5-15', '15-25', '25-35', '35-45', '>=45'])[T.>0-5]": 0.009950331,
    "C(alcohol_intake, levels=['0', '>0-5', '5-15', '15-25', '25-35', '35-45', '>=45'])[T.5-15]": 0.029558802,
    "C(alcohol_intake, levels=['0', '>0-5', '5-15', '15-25', '25-35', '35-45', '>=45'])[T.15-25]": 0.122217633,
    "C(alcohol_intake, levels=['0', '>0-5', '5-15', '15-25', '25-35', '35-45', '>=45'])[T.25-35]": 0.190620360,
    "C(alcohol_intake, levels=['0', '>0-5', '5-15', '15-25', '25-35', '35-45', '>=45'])[T.35-45]": 0.277631737,
    "C(alcohol_intake, levels=['0', '>0-5', '5-15', '15-25', '25-35', '35-45', '>=45'])[T.>=45]": 0.378436436,
    "bbd": 0.518793793,
    "famhist": 0.916290732,
    "height": 0.157003749,
    "C(bmi_curc, levels=['18.5-25', '<18.5', '25-30', '>=30'])[T.<18.5]": 0.246860078,
    "C(bmi_curc, levels=['18.5-25', '<18.5', '25-30', '>=30'])[T.25-30]": -0.083381609,
    "C(bmi_curc, levels=['18.5-25', '<18.5', '25-30', '>=30'])[T.>=30]": -0.301105093
}
