{
    "C(age_at_menarche, levels=['13', '<=10', '11', '12', '14', '15', '>=16'])[T.<=10]": 0.173953307,
    "C(age_at_menarche, levels=['13', '<=10', '11', '12', '14', '15', '>=16'])[T.11]": 0.086177696,
    "C(age_at_menarche, levels=['13', '<=10', '11', '12', '14', '15', '>=16'])[T.12]": 0.067658648,
    "C(age_at_menarche, levels=['13', '<=10', '11', '12', '14', '15', '>=16'])[T.14]": -0.020202707,
    "C(age_at_menarche, levels=['13', '<=10', '11', '12', '14', '15', '>=16'])[T.15]": -0.083381609,
    "C(age_at_menarche, levels=['13', '<=10', '11', '12', '14', '15', '>=16'])[T.>=16]": -0.198450939,
    "C(parity, levels=['0', '1', '2', '>=3'])[T.1]": -0.139262067,
    "C(parity, levels=['0', '1', '2', '>=3'])[T.2]": -0.210721031,
    "C(parity, levels=['0', '1', '2', '>=3'])[T.>=3]": -0.342490309,
    "C(age_first_birth, levels=['<20', '20-25', '25-30', '>=30'])[T.20-25]": 0.009950331,
    "C(age_first_birth, levels=['<20', '20-25', '25-30', '>=30'])[T.25-30]": 0.104360015,
    "C(age_first_birth, levels=['<20', '20-25', '25-30', '>=30'])[T.>=30]": 0.215111380,
    "oc_ever": 0.131028262,
    "C(alcohol_intake, levels=['0', '>0-5', '5-15', '15-25', '25-35', '35-45', '>=45'])[T.>0-5]": 0.009950331,
    "C(alcohol_intake, levels=['0', '>0-5', '5-15', '15-25', '25-35', '35-45', '>=45'])[T.5-15]": 0.029558802,
    "C(alcohol_intake, levels=['0', '>0-5', '5-15', '15-25', '25-35', '35-45', '>=45'])[T.15-25]": 0.122217633,
    "C(alcohol_intake, levels=['0', '>0-5', '5-15', '15-25', '25-35', '35-45', '>=45'])[T.25-35]": 0.190620360,
    "C(alcohol_intake, levels=['0', '>0-5', '5-15', '15-25', '25-35', '35-45', '>=45'])[T.35-45]": 0.277631737,
    "C(alcohol_intake, levels=['0', '>0-5', '5-15', '15-25', '25-35', '35-45', '>=45'])[T.>=45]": 0.378436436,
    "bbd": 0.412109651,
    "famhist": 0.470003629,
    "C(age_at_menopause, levels=['50-55', '<40', '40-45', '45-50', '>=55'])[T.<40]": -0.400477567,
    "C(age_at_menopause, levels=['50-55', '<40', '40-45', '45-50', '>=55'])[T.40-45]": -0.314710745,
    "C(age_at_menopause, levels=['50-55', '<40', '40-45', '45-50', '>=55'])[T.45-50]": -0.150822890,
    "C(age_at_menopause, levels=['50-55', '<40', '40-45', '45-50', '>=55'])[T.>=55]": 0.113328685,
    "height": 0.157003749,
    "C(hrt, levels=['never', 'current', 'former'])[T.current]": 0.783901544,
    "C(hrt, levels=['never', 'current', 'former'])[T.former]": 0.000000000,
    "hrt_type": -0.332825924,
    "C(bmi_curc, levels=['<25', '25-30', '>=30'])[T.25-30]": 0.122217633,
    "C(bmi_curc, levels=['<25', '25-30', '>=30'])[T.>=30]": 0.223143551,
    "C(hrt, levels=['never', 'current', 'former'])[T.current]:C(bmi_curc, levels=['<25', '25-30', '>=30'])[T.25-30]": -0.126794300,
    "C(hrt, levels=['never', 'current', 'former'])[T.former]:C(bmi_curc, levels=['<25', '25-30', '>=30'])[T.25-30]": 0.000000000,
    "C(hrt, levels=['never', 'current', 'former'])[T.current]:C(bmi_curc, levels=['<25', '25-30', '>=30'])[T.>=30]": -0.260357148,
    "C(hrt, levels=['never', 'current', 'former'])[T.former]:C(bmi_curc, levels=['<25', '25-30', '>=30'])[T.>=30]": 0.000000000,
    "hrt_type:C(bmi_curc, levels=['<25', '25-30', '>=30'])[T.25-30]": -0.047722832,
    "hrt_type:C(bmi_curc, levels=['<25', '25-30', '>=30'])[T.>=30]": -0.042298467
}

